,country,date,new,total,lockdown_status
0,Sri Lanka,2020-01-22,0,0,Before
1,Sri Lanka,2020-01-23,0,0,Before
2,Sri Lanka,2020-01-24,0,0,Before
3,Sri Lanka,2020-01-25,0,0,Before
4,Sri Lanka,2020-01-26,0,0,Before
5,Sri Lanka,2020-01-27,1,1,Before
6,Sri Lanka,2020-01-28,0,1,Before
7,Sri Lanka,2020-01-29,0,1,Before
8,Sri Lanka,2020-01-30,0,1,Before
9,Sri Lanka,2020-01-31,0,1,Before
10,Sri Lanka,2020-02-01,0,1,Before
11,Sri Lanka,2020-02-02,0,1,Before
12,Sri Lanka,2020-02-03,0,1,Before
13,Sri Lanka,2020-02-04,0,1,Before
14,Sri Lanka,2020-02-05,0,1,Before
15,Sri Lanka,2020-02-06,0,1,Before
16,Sri Lanka,2020-02-07,0,1,Before
17,Sri Lanka,2020-02-08,0,1,Before
18,Sri Lanka,2020-02-09,0,1,Before
19,Sri Lanka,2020-02-10,0,1,Before
20,Sri Lanka,2020-02-11,0,1,Before
21,Sri Lanka,2020-02-12,0,1,Before
22,Sri Lanka,2020-02-13,0,1,Before
23,Sri Lanka,2020-02-14,0,1,Before
24,Sri Lanka,2020-02-15,0,1,Before
25,Sri Lanka,2020-02-16,0,1,Before
26,Sri Lanka,2020-02-17,0,1,Before
27,Sri Lanka,2020-02-18,0,1,Before
28,Sri Lanka,2020-02-19,0,1,Before
29,Sri Lanka,2020-02-20,0,1,Before
30,Sri Lanka,2020-02-21,0,1,Before
31,Sri Lanka,2020-02-22,0,1,Before
32,Sri Lanka,2020-02-23,0,1,Before
33,Sri Lanka,2020-02-24,0,1,Before
34,Sri Lanka,2020-02-25,0,1,Before
35,Sri Lanka,2020-02-26,0,1,Before
36,Sri Lanka,2020-02-27,0,1,Before
37,Sri Lanka,2020-02-28,0,1,Before
38,Sri Lanka,2020-02-29,0,1,Before
39,Sri Lanka,2020-03-01,0,1,Before
40,Sri Lanka,2020-03-02,0,1,Before
41,Sri Lanka,2020-03-03,0,1,Before
42,Sri Lanka,2020-03-04,0,1,Before
43,Sri Lanka,2020-03-05,0,1,Before
44,Sri Lanka,2020-03-06,0,1,Before
45,Sri Lanka,2020-03-07,0,1,Before
46,Sri Lanka,2020-03-08,0,1,Before
47,Sri Lanka,2020-03-09,0,1,Before
48,Sri Lanka,2020-03-10,0,1,Before
49,Sri Lanka,2020-03-11,1,2,Before
50,Sri Lanka,2020-03-12,0,2,Before
51,Sri Lanka,2020-03-13,4,6,Before
52,Sri Lanka,2020-03-14,4,10,Before
53,Sri Lanka,2020-03-15,8,18,Before
54,Sri Lanka,2020-03-16,10,28,Before
55,Sri Lanka,2020-03-17,16,44,Before
56,Sri Lanka,2020-03-18,7,51,Lockdown
57,Sri Lanka,2020-03-19,9,60,Lockdown
58,Sri Lanka,2020-03-20,13,73,Lockdown
59,Sri Lanka,2020-03-21,4,77,Lockdown
60,Sri Lanka,2020-03-22,5,82,Lockdown
61,Sri Lanka,2020-03-23,15,97,Lockdown
62,Sri Lanka,2020-03-24,5,102,Lockdown
63,Sri Lanka,2020-03-25,0,102,Lockdown
64,Sri Lanka,2020-03-26,4,106,Lockdown
65,Sri Lanka,2020-03-27,0,106,Lockdown
66,Sri Lanka,2020-03-28,7,113,Lockdown
67,Sri Lanka,2020-03-29,4,117,Lockdown
68,Sri Lanka,2020-03-30,5,122,Lockdown
69,Sri Lanka,2020-03-31,21,143,Lockdown
70,Sri Lanka,2020-04-01,3,146,Lockdown
71,Sri Lanka,2020-04-02,5,151,Lockdown
72,Sri Lanka,2020-04-03,8,159,Lockdown
73,Sri Lanka,2020-04-04,7,166,Lockdown
74,Sri Lanka,2020-04-05,10,176,Lockdown
75,Sri Lanka,2020-04-06,2,178,Lockdown
76,Sri Lanka,2020-04-07,7,185,Lockdown
77,Sri Lanka,2020-04-08,4,189,Lockdown
78,Sri Lanka,2020-04-09,1,190,Lockdown
79,Sri Lanka,2020-04-10,0,190,Lockdown
80,Sri Lanka,2020-04-11,8,198,Lockdown
81,Sri Lanka,2020-04-12,12,210,Lockdown
82,Sri Lanka,2020-04-13,7,217,Lockdown
83,Sri Lanka,2020-04-14,16,233,Lockdown
84,Sri Lanka,2020-04-15,5,238,Lockdown
85,Sri Lanka,2020-04-16,0,238,Lockdown
86,Sri Lanka,2020-04-17,6,244,Lockdown
87,Sri Lanka,2020-04-18,10,254,Lockdown
88,Sri Lanka,2020-04-19,17,271,Lockdown
89,Sri Lanka,2020-04-20,33,304,Lockdown
90,Sri Lanka,2020-04-21,6,310,Lockdown
91,Sri Lanka,2020-04-22,20,330,Lockdown
92,Sri Lanka,2020-04-23,38,368,Lockdown
93,Sri Lanka,2020-04-24,52,420,Lockdown
94,Sri Lanka,2020-04-25,40,460,Lockdown
95,Sri Lanka,2020-04-26,63,523,Lockdown
96,Sri Lanka,2020-04-27,65,588,Lockdown
97,Sri Lanka,2020-04-28,31,619,Lockdown
98,Sri Lanka,2020-04-29,30,649,Lockdown
99,Sri Lanka,2020-04-30,14,663,Lockdown
100,Sri Lanka,2020-05-01,27,690,Lockdown
101,Sri Lanka,2020-05-02,15,705,Lockdown
102,Sri Lanka,2020-05-03,13,718,Lockdown
103,Sri Lanka,2020-05-04,33,751,Lockdown
104,Sri Lanka,2020-05-05,20,771,Lockdown
105,Sri Lanka,2020-05-06,26,797,Lockdown
106,Sri Lanka,2020-05-07,27,824,Lockdown
107,Sri Lanka,2020-05-08,11,835,Lockdown
108,Sri Lanka,2020-05-09,12,847,Lockdown
109,Sri Lanka,2020-05-10,16,863,Lockdown
110,Sri Lanka,2020-05-11,6,869,Lockdown
111,Sri Lanka,2020-05-12,20,889,Lockdown
112,Sri Lanka,2020-05-13,26,915,Lockdown
113,Sri Lanka,2020-05-14,10,925,Lockdown
114,Sri Lanka,2020-05-15,10,935,Lockdown
115,Sri Lanka,2020-05-16,25,960,Lockdown
116,Sri Lanka,2020-05-17,21,981,Lockdown
117,Sri Lanka,2020-05-18,11,992,Lockdown
118,Sri Lanka,2020-05-19,35,1027,Lockdown
119,Sri Lanka,2020-05-20,1,1028,Lockdown
120,Sri Lanka,2020-05-21,27,1055,Lockdown
121,Sri Lanka,2020-05-22,13,1068,Lockdown
122,Sri Lanka,2020-05-23,21,1089,Lockdown
123,Sri Lanka,2020-05-24,52,1141,Lockdown
124,Sri Lanka,2020-05-25,41,1182,Lockdown
125,Sri Lanka,2020-05-26,137,1319,Lockdown
126,Sri Lanka,2020-05-27,150,1469,Lockdown
127,Sri Lanka,2020-05-28,61,1530,Lockdown
128,Sri Lanka,2020-05-29,28,1558,Lockdown
129,Sri Lanka,2020-05-30,62,1620,Lockdown
130,Sri Lanka,2020-05-31,13,1633,Lockdown
131,Sri Lanka,2020-06-01,10,1643,Lockdown
132,Sri Lanka,2020-06-02,40,1683,Lockdown
133,Sri Lanka,2020-06-03,66,1749,Lockdown
134,Sri Lanka,2020-06-04,48,1797,Lockdown
135,Sri Lanka,2020-06-05,4,1801,Lockdown
136,Sri Lanka,2020-06-06,13,1814,Lockdown
137,Sri Lanka,2020-06-07,21,1835,Lockdown
138,Sri Lanka,2020-06-08,22,1857,Lockdown
139,Sri Lanka,2020-06-09,2,1859,Lockdown
140,Sri Lanka,2020-06-10,10,1869,Lockdown
141,Sri Lanka,2020-06-11,8,1877,Lockdown
142,Sri Lanka,2020-06-12,3,1880,Lockdown
143,Sri Lanka,2020-06-13,4,1884,Lockdown
144,Sri Lanka,2020-06-14,5,1889,Lockdown
145,Sri Lanka,2020-06-15,16,1905,Lockdown
146,Sri Lanka,2020-06-16,10,1915,Lockdown
147,Sri Lanka,2020-06-17,9,1924,Lockdown
148,Sri Lanka,2020-06-18,23,1947,Lockdown
149,Sri Lanka,2020-06-19,3,1950,Lockdown
150,Sri Lanka,2020-06-20,0,1950,Lockdown
151,Sri Lanka,2020-06-21,0,1950,Lockdown
152,Sri Lanka,2020-06-22,1,1951,During No
153,Sri Lanka,2020-06-23,40,1991,During No
154,Sri Lanka,2020-06-24,10,2001,During No
155,Sri Lanka,2020-06-25,9,2010,During No
156,Sri Lanka,2020-06-26,4,2014,During No
157,Sri Lanka,2020-06-27,19,2033,During No
158,Sri Lanka,2020-06-28,4,2037,During No
159,Sri Lanka,2020-06-29,2,2039,During No
160,Sri Lanka,2020-06-30,8,2047,During No
161,Sri Lanka,2020-07-01,7,2054,During No
162,Sri Lanka,2020-07-02,12,2066,During No
163,Sri Lanka,2020-07-03,3,2069,During No
164,Sri Lanka,2020-07-04,5,2074,During No
165,Sri Lanka,2020-07-05,2,2076,During No
166,Sri Lanka,2020-07-06,1,2077,During No
167,Sri Lanka,2020-07-07,4,2081,During No
168,Sri Lanka,2020-07-08,13,2094,During No
169,Sri Lanka,2020-07-09,60,2154,During No
170,Sri Lanka,2020-07-10,300,2454,During No
171,Sri Lanka,2020-07-11,57,2511,During No
172,Sri Lanka,2020-07-12,106,2617,During No
173,Sri Lanka,2020-07-13,29,2646,During No
174,Sri Lanka,2020-07-14,19,2665,During No
175,Sri Lanka,2020-07-15,6,2671,During No
176,Sri Lanka,2020-07-16,16,2687,During No
177,Sri Lanka,2020-07-17,10,2697,During No
178,Sri Lanka,2020-07-18,6,2703,During No
179,Sri Lanka,2020-07-19,21,2724,During No
180,Sri Lanka,2020-07-20,6,2730,During No
181,Sri Lanka,2020-07-21,0,2730,During No
182,Sri Lanka,2020-07-22,22,2752,During No
183,Sri Lanka,2020-07-23,1,2753,During No
184,Sri Lanka,2020-07-24,11,2764,During No
185,Sri Lanka,2020-07-25,6,2770,During No
186,Sri Lanka,2020-07-26,12,2782,During No
187,Sri Lanka,2020-07-27,23,2805,During No
188,Sri Lanka,2020-07-28,5,2810,During No
189,Sri Lanka,2020-07-29,0,2810,During No
190,Sri Lanka,2020-07-30,4,2814,During No
191,Sri Lanka,2020-07-31,1,2815,During No
192,Sri Lanka,2020-08-01,0,2815,During No
193,Sri Lanka,2020-08-02,8,2823,During No
194,Sri Lanka,2020-08-03,5,2828,During No
195,Sri Lanka,2020-08-04,6,2834,During No
196,Sri Lanka,2020-08-05,5,2839,During No
197,Sri Lanka,2020-08-06,0,2839,During No
198,Sri Lanka,2020-08-07,0,2839,During No
199,Sri Lanka,2020-08-08,2,2841,During No
200,Sri Lanka,2020-08-09,3,2844,During No
201,Sri Lanka,2020-08-10,27,2871,During No
202,Sri Lanka,2020-08-11,9,2880,During No
203,Sri Lanka,2020-08-12,1,2881,During No
204,Sri Lanka,2020-08-13,1,2882,During No
205,Sri Lanka,2020-08-14,4,2886,During No
206,Sri Lanka,2020-08-15,4,2890,During No
207,Sri Lanka,2020-08-16,3,2893,During No
208,Sri Lanka,2020-08-17,7,2900,During No
209,Sri Lanka,2020-08-18,2,2902,During No
210,Sri Lanka,2020-08-19,0,2902,During No
211,Sri Lanka,2020-08-20,16,2918,During No
212,Sri Lanka,2020-08-21,23,2941,During No
213,Sri Lanka,2020-08-22,6,2947,During No
214,Sri Lanka,2020-08-23,6,2953,During No
215,Sri Lanka,2020-08-24,6,2959,During No
216,Sri Lanka,2020-08-25,12,2971,During No
217,Sri Lanka,2020-08-26,13,2984,During No
218,Sri Lanka,2020-08-27,2,2986,During No
219,Sri Lanka,2020-08-28,3,2989,During No
220,Sri Lanka,2020-08-29,6,2995,During No
221,Sri Lanka,2020-08-30,17,3012,During No
222,Sri Lanka,2020-08-31,37,3049,During No
223,Sri Lanka,2020-09-01,43,3092,During No
224,Sri Lanka,2020-09-02,9,3101,During No
225,Sri Lanka,2020-09-03,10,3111,During No
226,Sri Lanka,2020-09-04,4,3115,During No
227,Sri Lanka,2020-09-05,6,3121,During No
228,Sri Lanka,2020-09-06,2,3123,During No
229,Sri Lanka,2020-09-07,0,3123,During No
230,Sri Lanka,2020-09-08,17,3140,During No
231,Sri Lanka,2020-09-09,7,3147,During No
232,Sri Lanka,2020-09-10,8,3155,During No
233,Sri Lanka,2020-09-11,14,3169,During No
234,Sri Lanka,2020-09-12,26,3195,During No
235,Sri Lanka,2020-09-13,39,3234,During No
236,Sri Lanka,2020-09-14,28,3262,During No
237,Sri Lanka,2020-09-15,9,3271,During No
238,Sri Lanka,2020-09-16,0,3271,During No
239,Sri Lanka,2020-09-17,5,3276,During No
240,Sri Lanka,2020-09-18,5,3281,During No
241,Sri Lanka,2020-09-19,2,3283,During No
242,Sri Lanka,2020-09-20,4,3287,During No
243,Sri Lanka,2020-09-21,12,3299,During No
244,Sri Lanka,2020-09-22,14,3313,During No
245,Sri Lanka,2020-09-23,11,3324,During No
246,Sri Lanka,2020-09-24,9,3333,During No
247,Sri Lanka,2020-09-25,12,3345,During No
248,Sri Lanka,2020-09-26,4,3349,During No
249,Sri Lanka,2020-09-27,11,3360,During No
250,Sri Lanka,2020-09-28,3,3363,During No
251,Sri Lanka,2020-09-29,11,3374,During No
252,Sri Lanka,2020-09-30,6,3380,During No
253,Sri Lanka,2020-10-01,2,3382,During No
254,Sri Lanka,2020-10-02,6,3388,During No
255,Sri Lanka,2020-10-03,7,3395,During No
256,Sri Lanka,2020-10-04,7,3402,Lockdown
257,Sri Lanka,2020-10-05,111,3513,Lockdown
258,Sri Lanka,2020-10-06,739,4252,Lockdown
259,Sri Lanka,2020-10-07,207,4459,Lockdown
260,Sri Lanka,2020-10-08,29,4488,Lockdown
261,Sri Lanka,2020-10-09,35,4523,Lockdown
262,Sri Lanka,2020-10-10,105,4628,Lockdown
263,Sri Lanka,2020-10-11,124,4752,Lockdown
264,Sri Lanka,2020-10-12,92,4844,Lockdown
265,Sri Lanka,2020-10-13,194,5038,Lockdown
266,Sri Lanka,2020-10-14,132,5170,Lockdown
267,Sri Lanka,2020-10-15,74,5244,Lockdown
268,Sri Lanka,2020-10-16,110,5354,Lockdown
269,Sri Lanka,2020-10-17,121,5475,Lockdown
270,Sri Lanka,2020-10-18,63,5538,Lockdown
271,Sri Lanka,2020-10-19,87,5625,Lockdown
272,Sri Lanka,2020-10-20,186,5811,Lockdown
273,Sri Lanka,2020-10-21,167,5978,Lockdown
274,Sri Lanka,2020-10-22,309,6287,Lockdown
275,Sri Lanka,2020-10-23,866,7153,Lockdown
276,Sri Lanka,2020-10-24,368,7521,Lockdown
277,Sri Lanka,2020-10-25,351,7872,Lockdown
278,Sri Lanka,2020-10-26,541,8413,Lockdown
279,Sri Lanka,2020-10-27,457,8870,Lockdown
280,Sri Lanka,2020-10-28,335,9205,Lockdown
281,Sri Lanka,2020-10-29,586,9791,Lockdown
282,Sri Lanka,2020-10-30,633,10424,Lockdown
283,Sri Lanka,2020-10-31,239,10663,During No
284,Sri Lanka,2020-11-01,397,11060,During No
285,Sri Lanka,2020-11-02,275,11335,During No
286,Sri Lanka,2020-11-03,409,11744,During No
287,Sri Lanka,2020-11-04,443,12187,During No
288,Sri Lanka,2020-11-05,383,12570,During No
289,Sri Lanka,2020-11-06,400,12970,During No
290,Sri Lanka,2020-11-07,449,13419,During No
291,Sri Lanka,2020-11-08,510,13929,During No
292,Sri Lanka,2020-11-09,356,14285,During No
293,Sri Lanka,2020-11-10,430,14715,During No
294,Sri Lanka,2020-11-11,635,15350,During No
295,Sri Lanka,2020-11-12,373,15723,During No
296,Sri Lanka,2020-11-13,468,16191,During No
297,Sri Lanka,2020-11-14,392,16583,During No
298,Sri Lanka,2020-11-15,704,17287,During No
299,Sri Lanka,2020-11-16,387,17674,During No
300,Sri Lanka,2020-11-17,401,18075,During No
301,Sri Lanka,2020-11-18,327,18402,During No
302,Sri Lanka,2020-11-19,439,18841,During No
303,Sri Lanka,2020-11-20,439,19280,During No
304,Sri Lanka,2020-11-21,491,19771,During No
305,Sri Lanka,2020-11-22,400,20171,During No
306,Sri Lanka,2020-11-23,337,20508,During No
307,Sri Lanka,2020-11-24,459,20967,During No
308,Sri Lanka,2020-11-25,502,21469,During No
309,Sri Lanka,2020-11-26,559,22028,During No
310,Sri Lanka,2020-11-27,473,22501,During No
311,Sri Lanka,2020-11-28,487,22988,During No
312,Sri Lanka,2020-11-29,496,23484,During No
313,Sri Lanka,2020-11-30,503,23987,During No
314,Sri Lanka,2020-12-01,545,24532,During No
315,Sri Lanka,2020-12-02,878,25410,During No
316,Sri Lanka,2020-12-03,628,26038,During No
317,Sri Lanka,2020-12-04,521,26559,During No
318,Sri Lanka,2020-12-05,669,27228,During No
319,Sri Lanka,2020-12-06,649,27877,During No
320,Sri Lanka,2020-12-07,703,28580,During No
321,Sri Lanka,2020-12-08,798,29378,During No
322,Sri Lanka,2020-12-09,694,30072,During No
323,Sri Lanka,2020-12-10,541,30613,During No
324,Sri Lanka,2020-12-11,762,31375,During No
325,Sri Lanka,2020-12-12,760,32135,During No
326,Sri Lanka,2020-12-13,655,32790,During No
327,Sri Lanka,2020-12-14,688,33478,During No
328,Sri Lanka,2020-12-15,643,34121,During No
329,Sri Lanka,2020-12-16,616,34737,During No
330,Sri Lanka,2020-12-17,650,35387,During No
331,Sri Lanka,2020-12-18,662,36049,During No
332,Sri Lanka,2020-12-19,618,36667,During No
333,Sri Lanka,2020-12-20,594,37261,During No
334,Sri Lanka,2020-12-21,370,37631,During No
335,Sri Lanka,2020-12-22,428,38059,During No
336,Sri Lanka,2020-12-23,580,38639,During No
337,Sri Lanka,2020-12-24,592,39231,During No
338,Sri Lanka,2020-12-25,551,39782,During No
339,Sri Lanka,2020-12-26,598,40380,During No
340,Sri Lanka,2020-12-27,674,41054,During No
341,Sri Lanka,2020-12-28,549,41603,During No
342,Sri Lanka,2020-12-29,453,42056,During No
343,Sri Lanka,2020-12-30,646,42702,During No
344,Sri Lanka,2020-12-31,597,43299,During No
345,Sri Lanka,2021-01-01,557,43856,During No
346,Sri Lanka,2021-01-02,515,44371,During No
347,Sri Lanka,2021-01-03,403,44774,During No
348,Sri Lanka,2021-01-04,468,45242,During No
349,Sri Lanka,2021-01-05,484,45726,During No
350,Sri Lanka,2021-01-06,522,46248,During No
351,Sri Lanka,2021-01-07,532,46780,During No
352,Sri Lanka,2021-01-08,525,47305,During No
353,Sri Lanka,2021-01-09,535,47840,During No
354,Sri Lanka,2021-01-10,540,48380,During No
355,Sri Lanka,2021-01-11,569,48949,During No
356,Sri Lanka,2021-01-12,588,49537,During No
357,Sri Lanka,2021-01-13,692,50229,During No
358,Sri Lanka,2021-01-14,670,50899,During No
359,Sri Lanka,2021-01-15,695,51594,During No
360,Sri Lanka,2021-01-16,719,52313,During No
361,Sri Lanka,2021-01-17,749,53062,During No
362,Sri Lanka,2021-01-18,688,53750,During No
363,Sri Lanka,2021-01-19,669,54419,During No
364,Sri Lanka,2021-01-20,770,55189,During No
365,Sri Lanka,2021-01-21,887,56076,During No
366,Sri Lanka,2021-01-22,787,56863,During No
367,Sri Lanka,2021-01-23,724,57587,During No
368,Sri Lanka,2021-01-24,843,58430,During No
369,Sri Lanka,2021-01-25,737,59167,During No
370,Sri Lanka,2021-01-26,755,59922,During No
371,Sri Lanka,2021-01-27,772,60694,During No
372,Sri Lanka,2021-01-28,892,61586,During No
373,Sri Lanka,2021-01-29,859,62445,During No
374,Sri Lanka,2021-01-30,848,63293,During No
375,Sri Lanka,2021-01-31,864,64157,During No
376,Sri Lanka,2021-02-01,826,64983,During No
377,Sri Lanka,2021-02-02,715,65698,During No
378,Sri Lanka,2021-02-03,711,66409,During No
379,Sri Lanka,2021-02-04,706,67115,During No
380,Sri Lanka,2021-02-05,735,67850,During No
381,Sri Lanka,2021-02-06,726,68576,During No
382,Sri Lanka,2021-02-07,772,69348,During No
383,Sri Lanka,2021-02-08,887,70235,During No
384,Sri Lanka,2021-02-09,976,71211,During No
385,Sri Lanka,2021-02-10,963,72174,During No
386,Sri Lanka,2021-02-11,942,73116,During No
387,Sri Lanka,2021-02-12,940,74056,During No
388,Sri Lanka,2021-02-13,796,74852,During No
389,Sri Lanka,2021-02-14,802,75654,During No
390,Sri Lanka,2021-02-15,774,76428,During No
391,Sri Lanka,2021-02-16,756,77184,During No
392,Sri Lanka,2021-02-17,722,77906,During No
393,Sri Lanka,2021-02-18,514,78420,During No
394,Sri Lanka,2021-02-19,517,78937,During No
395,Sri Lanka,2021-02-20,543,79480,During No
396,Sri Lanka,2021-02-21,519,79999,During No
397,Sri Lanka,2021-02-22,518,80517,During No
398,Sri Lanka,2021-02-23,492,81009,During No
399,Sri Lanka,2021-02-24,458,81467,During No
400,Sri Lanka,2021-02-25,466,81933,During No
401,Sri Lanka,2021-02-26,497,82430,During No
402,Sri Lanka,2021-02-27,460,82890,During No
403,Sri Lanka,2021-02-28,204,83094,During No
404,Sri Lanka,2021-03-01,458,83552,During No
405,Sri Lanka,2021-03-02,318,83870,During No
406,Sri Lanka,2021-03-03,356,84226,During No
407,Sri Lanka,2021-03-04,384,84610,During No
408,Sri Lanka,2021-03-05,350,84960,During No
409,Sri Lanka,2021-03-06,190,85150,During No
410,Sri Lanka,2021-03-07,545,85695,During No
411,Sri Lanka,2021-03-08,344,86039,During No
412,Sri Lanka,2021-03-09,304,86343,During No
413,Sri Lanka,2021-03-10,342,86685,During No
414,Sri Lanka,2021-03-11,304,86989,During No
415,Sri Lanka,2021-03-12,297,87286,During No
416,Sri Lanka,2021-03-13,314,87600,During No
417,Sri Lanka,2021-03-14,307,87907,During No
418,Sri Lanka,2021-03-15,331,88238,During No
419,Sri Lanka,2021-03-16,154,88392,During No
420,Sri Lanka,2021-03-17,470,88862,During No
421,Sri Lanka,2021-03-18,162,89024,During No
422,Sri Lanka,2021-03-19,473,89497,During No
423,Sri Lanka,2021-03-20,158,89655,During No
424,Sri Lanka,2021-03-21,545,90200,During No
425,Sri Lanka,2021-03-22,314,90514,During No
426,Sri Lanka,2021-03-23,251,90765,During No
427,Sri Lanka,2021-03-24,253,91018,During No
428,Sri Lanka,2021-03-25,271,91289,During No
429,Sri Lanka,2021-03-26,272,91561,During No
430,Sri Lanka,2021-03-27,278,91839,During No
431,Sri Lanka,2021-03-28,249,92088,During No
432,Sri Lanka,2021-03-29,215,92303,During No
433,Sri Lanka,2021-03-30,139,92442,During No
434,Sri Lanka,2021-03-31,264,92706,During No
435,Sri Lanka,2021-04-01,211,92917,During No
436,Sri Lanka,2021-04-02,211,93128,During No
437,Sri Lanka,2021-04-03,167,93295,During No
438,Sri Lanka,2021-04-04,141,93436,During No
439,Sri Lanka,2021-04-05,159,93595,During No
440,Sri Lanka,2021-04-06,95,93690,During No
441,Sri Lanka,2021-04-07,220,93910,During No
442,Sri Lanka,2021-04-08,343,94253,During No
443,Sri Lanka,2021-04-09,311,94564,During No
444,Sri Lanka,2021-04-10,284,94848,During No
445,Sri Lanka,2021-04-11,283,95131,During No
446,Sri Lanka,2021-04-12,263,95394,During No
447,Sri Lanka,2021-04-13,226,95620,During No
448,Sri Lanka,2021-04-14,99,95719,During No
449,Sri Lanka,2021-04-15,230,95949,During No
450,Sri Lanka,2021-04-16,237,96186,During No
451,Sri Lanka,2021-04-17,168,96354,During No
452,Sri Lanka,2021-04-18,442,96796,During No
453,Sri Lanka,2021-04-19,309,97105,During No
454,Sri Lanka,2021-04-20,367,97472,During No
455,Sri Lanka,2021-04-21,578,98050,During No
456,Sri Lanka,2021-04-22,672,98722,During No
457,Sri Lanka,2021-04-23,796,99518,During No
458,Sri Lanka,2021-04-24,1068,100586,During No
459,Sri Lanka,2021-04-25,793,101379,During No
460,Sri Lanka,2021-04-26,997,102376,During No
461,Sri Lanka,2021-04-27,1111,103487,During No
462,Sri Lanka,2021-04-28,1466,104953,During No
463,Sri Lanka,2021-04-29,1531,106484,During No
464,Sri Lanka,2021-04-30,1662,108146,During No
465,Sri Lanka,2021-05-01,1716,109862,Lockdown
466,Sri Lanka,2021-05-02,1891,111753,Lockdown
467,Sri Lanka,2021-05-03,1923,113676,Lockdown
468,Sri Lanka,2021-05-04,1914,115590,Lockdown
469,Sri Lanka,2021-05-05,1939,117529,Lockdown
470,Sri Lanka,2021-05-06,1895,119424,Lockdown
471,Sri Lanka,2021-05-07,1914,121338,Lockdown
472,Sri Lanka,2021-05-08,1896,123234,Lockdown
473,Sri Lanka,2021-05-09,2672,125906,Lockdown
474,Sri Lanka,2021-05-10,2624,128530,Lockdown
475,Sri Lanka,2021-05-11,2568,131098,Lockdown
476,Sri Lanka,2021-05-12,2429,133527,Lockdown
477,Sri Lanka,2021-05-13,2269,135796,Lockdown
478,Sri Lanka,2021-05-14,2289,138085,Lockdown
479,Sri Lanka,2021-05-15,2386,140471,Lockdown
480,Sri Lanka,2021-05-16,2275,142746,Lockdown
481,Sri Lanka,2021-05-17,2456,145202,Lockdown
482,Sri Lanka,2021-05-18,2518,147720,Lockdown
483,Sri Lanka,2021-05-19,3623,151343,Lockdown
484,Sri Lanka,2021-05-20,3443,154786,Lockdown
485,Sri Lanka,2021-05-21,3547,158333,Lockdown
486,Sri Lanka,2021-05-22,2909,161242,Lockdown
487,Sri Lanka,2021-05-23,2959,164201,Lockdown
488,Sri Lanka,2021-05-24,2971,167172,Lockdown
489,Sri Lanka,2021-05-25,2728,169900,Lockdown
490,Sri Lanka,2021-05-26,2377,172277,Lockdown
491,Sri Lanka,2021-05-27,2584,174861,Lockdown
492,Sri Lanka,2021-05-28,2850,177711,Lockdown
493,Sri Lanka,2021-05-29,2882,180593,Lockdown
494,Sri Lanka,2021-05-30,2859,183452,Lockdown
495,Sri Lanka,2021-05-31,2912,186364,Lockdown
496,Sri Lanka,2021-06-01,2877,189241,Lockdown
497,Sri Lanka,2021-06-02,3306,192547,Lockdown
498,Sri Lanka,2021-06-03,3297,195844,Lockdown
499,Sri Lanka,2021-06-04,3410,199254,Lockdown
500,Sri Lanka,2021-06-05,3103,202357,Lockdown
501,Sri Lanka,2021-06-06,2976,205333,Lockdown
502,Sri Lanka,2021-06-07,2646,207979,Lockdown
503,Sri Lanka,2021-06-08,2682,210661,Lockdown
504,Sri Lanka,2021-06-09,2735,213396,Lockdown
505,Sri Lanka,2021-06-10,2738,216134,Lockdown
506,Sri Lanka,2021-06-11,2232,218366,Lockdown
507,Sri Lanka,2021-06-12,2911,221277,Lockdown
508,Sri Lanka,2021-06-13,2361,223638,Lockdown
509,Sri Lanka,2021-06-14,2284,225922,Lockdown
510,Sri Lanka,2021-06-15,2334,228256,Lockdown
511,Sri Lanka,2021-06-16,2436,230692,Lockdown
512,Sri Lanka,2021-06-17,2372,233064,Lockdown
513,Sri Lanka,2021-06-18,2349,235413,Lockdown
514,Sri Lanka,2021-06-19,2248,237661,Lockdown
515,Sri Lanka,2021-06-20,2028,239689,Lockdown
516,Sri Lanka,2021-06-21,2131,241820,Lockdown
517,Sri Lanka,2021-06-22,2093,243913,Lockdown
518,Sri Lanka,2021-06-23,2196,246109,Lockdown
519,Sri Lanka,2021-06-24,1941,248050,Lockdown
520,Sri Lanka,2021-06-25,1876,249926,Lockdown
521,Sri Lanka,2021-06-26,1825,251751,Lockdown
522,Sri Lanka,2021-06-27,1867,253618,Lockdown
523,Sri Lanka,2021-06-28,1890,255508,Lockdown
524,Sri Lanka,2021-06-29,1717,257225,Lockdown
525,Sri Lanka,2021-06-30,1864,259089,Lockdown
526,Sri Lanka,2021-07-01,1883,260972,Lockdown
527,Sri Lanka,2021-07-02,1823,262795,Lockdown
528,Sri Lanka,2021-07-03,1262,264057,Lockdown
529,Sri Lanka,2021-07-04,1573,265630,Lockdown
530,Sri Lanka,2021-07-05,869,266499,Lockdown
531,Sri Lanka,2021-07-06,934,267433,Lockdown
532,Sri Lanka,2021-07-07,1243,268676,Lockdown
533,Sri Lanka,2021-07-08,1270,269946,Lockdown
534,Sri Lanka,2021-07-09,1537,271483,Lockdown
535,Sri Lanka,2021-07-10,1548,273031,Lockdown
536,Sri Lanka,2021-07-11,1507,274538,Lockdown
537,Sri Lanka,2021-07-12,1568,276106,Lockdown
538,Sri Lanka,2021-07-13,1413,277519,Lockdown
539,Sri Lanka,2021-07-14,1540,279059,Lockdown
540,Sri Lanka,2021-07-15,1484,280543,Lockdown
541,Sri Lanka,2021-07-16,1517,282060,Lockdown
542,Sri Lanka,2021-07-17,1452,283512,Lockdown
543,Sri Lanka,2021-07-18,1420,284932,Lockdown
544,Sri Lanka,2021-07-19,1487,286419,Lockdown
545,Sri Lanka,2021-07-20,1554,287973,Lockdown
546,Sri Lanka,2021-07-21,1604,289577,Lockdown
547,Sri Lanka,2021-07-22,1721,291298,Lockdown
548,Sri Lanka,2021-07-23,1310,292608,Lockdown
549,Sri Lanka,2021-07-24,2242,294850,Lockdown
550,Sri Lanka,2021-07-25,1666,296516,Lockdown
551,Sri Lanka,2021-07-26,1665,298181,Lockdown
552,Sri Lanka,2021-07-27,1711,299892,Lockdown
553,Sri Lanka,2021-07-28,1940,301832,Lockdown
554,Sri Lanka,2021-07-29,2370,304202,Lockdown
555,Sri Lanka,2021-07-30,2460,306662,Lockdown
556,Sri Lanka,2021-07-31,2150,308812,Lockdown
557,Sri Lanka,2021-08-01,2537,311349,During No
558,Sri Lanka,2021-08-02,2420,313769,During No
559,Sri Lanka,2021-08-03,2450,316219,During No
560,Sri Lanka,2021-08-04,2556,318775,During No
561,Sri Lanka,2021-08-05,2654,321429,During No
562,Sri Lanka,2021-08-06,2794,324223,During No
563,Sri Lanka,2021-08-07,1820,326043,During No
564,Sri Lanka,2021-08-08,3951,329994,During No
565,Sri Lanka,2021-08-09,2953,332947,During No
566,Sri Lanka,2021-08-10,2904,335851,During No
567,Sri Lanka,2021-08-11,6228,342079,During No
568,Sri Lanka,2021-08-12,3039,345118,During No
569,Sri Lanka,2021-08-13,3152,348270,During No
570,Sri Lanka,2021-08-14,3263,351533,During No
571,Sri Lanka,2021-08-15,3435,354968,During No
572,Sri Lanka,2021-08-16,3640,358608,During No
573,Sri Lanka,2021-08-17,7075,365683,During No
574,Sri Lanka,2021-08-18,3676,369359,During No
575,Sri Lanka,2021-08-19,3806,373165,During No
576,Sri Lanka,2021-08-20,8647,381812,Lockdown
577,Sri Lanka,2021-08-21,3884,385696,Lockdown
578,Sri Lanka,2021-08-22,4304,390000,Lockdown
579,Sri Lanka,2021-08-23,4355,394355,Lockdown
580,Sri Lanka,2021-08-24,4446,398801,Lockdown
581,Sri Lanka,2021-08-25,8967,407768,Lockdown
582,Sri Lanka,2021-08-26,4602,412370,Lockdown
583,Sri Lanka,2021-08-27,4591,416961,Lockdown
584,Sri Lanka,2021-08-28,4596,421557,Lockdown
585,Sri Lanka,2021-08-29,4612,426169,Lockdown
586,Sri Lanka,2021-08-30,9912,436081,Lockdown
587,Sri Lanka,2021-08-31,4221,440302,Lockdown
588,Sri Lanka,2021-09-01,3828,444130,Lockdown
589,Sri Lanka,2021-09-02,3627,447757,Lockdown
590,Sri Lanka,2021-09-03,3644,451401,Lockdown
591,Sri Lanka,2021-09-04,0,451401,Lockdown
592,Sri Lanka,2021-09-05,11366,462767,Lockdown
593,Sri Lanka,2021-09-06,3182,465949,Lockdown
594,Sri Lanka,2021-09-07,5914,471863,Lockdown
595,Sri Lanka,2021-09-08,2917,474780,Lockdown
596,Sri Lanka,2021-09-09,2856,477636,Lockdown
597,Sri Lanka,2021-09-10,2842,480478,Lockdown
598,Sri Lanka,2021-09-11,2802,483280,Lockdown
599,Sri Lanka,2021-09-12,2642,485922,Lockdown
600,Sri Lanka,2021-09-13,2560,488482,Lockdown
601,Sri Lanka,2021-09-14,2475,490957,Lockdown
602,Sri Lanka,2021-09-15,5466,496423,Lockdown
603,Sri Lanka,2021-09-16,2271,498694,Lockdown
604,Sri Lanka,2021-09-17,2078,500772,Lockdown
605,Sri Lanka,2021-09-18,1986,502758,Lockdown
606,Sri Lanka,2021-09-19,1733,504491,Lockdown
607,Sri Lanka,2021-09-20,1518,506009,Lockdown
608,Sri Lanka,2021-09-21,1321,507330,Lockdown
609,Sri Lanka,2021-09-22,1342,508672,Lockdown
610,Sri Lanka,2021-09-23,1368,510040,Lockdown
611,Sri Lanka,2021-09-24,1332,511372,Lockdown
612,Sri Lanka,2021-09-25,1159,512531,Lockdown
613,Sri Lanka,2021-09-26,1078,513609,Lockdown
614,Sri Lanka,2021-09-27,983,514592,Lockdown
615,Sri Lanka,2021-09-28,932,515524,Lockdown
616,Sri Lanka,2021-09-29,941,516465,Lockdown
617,Sri Lanka,2021-09-30,912,517377,Lockdown
618,Sri Lanka,2021-10-01,1398,518775,Lockdown
619,Sri Lanka,2021-10-02,855,519630,After
620,Sri Lanka,2021-10-03,802,520432,After
621,Sri Lanka,2021-10-04,786,521218,After
622,Sri Lanka,2021-10-05,784,522002,After
623,Sri Lanka,2021-10-06,776,522778,After
624,Sri Lanka,2021-10-07,772,523550,After
625,Sri Lanka,2021-10-08,1387,524937,After
626,Sri Lanka,2021-10-09,726,525663,After
627,Sri Lanka,2021-10-10,720,526383,After
628,Sri Lanka,2021-10-11,681,527064,After
629,Sri Lanka,2021-10-12,671,527735,After
630,Sri Lanka,2021-10-13,680,528415,After
631,Sri Lanka,2021-10-14,1340,529755,After
632,Sri Lanka,2021-10-15,666,530421,After
633,Sri Lanka,2021-10-16,649,531070,After
634,Sri Lanka,2021-10-17,578,531648,After
635,Sri Lanka,2021-10-18,570,532218,After
636,Sri Lanka,2021-10-19,548,532766,After
637,Sri Lanka,2021-10-20,539,533305,After
638,Sri Lanka,2021-10-21,555,533860,After
639,Sri Lanka,2021-10-22,1115,534975,After
640,Sri Lanka,2021-10-23,554,535529,After
641,Sri Lanka,2021-10-24,555,536084,After
642,Sri Lanka,2021-10-25,561,536645,After
643,Sri Lanka,2021-10-26,556,537201,After
644,Sri Lanka,2021-10-27,1119,538320,After
645,Sri Lanka,2021-10-28,540,538860,After
646,Sri Lanka,2021-10-29,556,539416,After
647,Sri Lanka,2021-10-30,565,539981,After
648,Sri Lanka,2021-10-31,1092,541073,After
649,Sri Lanka,2021-11-01,566,541639,After
650,Sri Lanka,2021-11-02,573,542212,After
651,Sri Lanka,2021-11-03,581,542793,After
652,Sri Lanka,2021-11-04,592,543385,After
653,Sri Lanka,2021-11-05,628,544013,After
654,Sri Lanka,2021-11-06,617,544630,After
655,Sri Lanka,2021-11-07,626,545256,After
656,Sri Lanka,2021-11-08,679,545935,After
657,Sri Lanka,2021-11-09,718,546653,After
658,Sri Lanka,2021-11-10,693,547346,After
659,Sri Lanka,2021-11-11,715,548061,After
660,Sri Lanka,2021-11-12,723,548784,After
661,Sri Lanka,2021-11-13,716,549500,After
662,Sri Lanka,2021-11-14,1843,551343,After
663,Sri Lanka,2021-11-15,931,552274,After
664,Sri Lanka,2021-11-16,720,552994,After
665,Sri Lanka,2021-11-17,728,553722,After
666,Sri Lanka,2021-11-18,737,554459,After
667,Sri Lanka,2021-11-19,745,555204,After
668,Sri Lanka,2021-11-20,725,555929,After
669,Sri Lanka,2021-11-21,697,556626,After
670,Sri Lanka,2021-11-22,735,557361,After
671,Sri Lanka,2021-11-23,1499,558860,After
672,Sri Lanka,2021-11-24,745,559605,After
673,Sri Lanka,2021-11-25,740,560345,After
674,Sri Lanka,2021-11-26,714,561059,After
675,Sri Lanka,2021-11-27,719,561778,After
676,Sri Lanka,2021-11-28,742,562520,After
677,Sri Lanka,2021-11-29,747,563267,After
678,Sri Lanka,2021-11-30,722,563989,After
679,Sri Lanka,2021-12-01,744,564733,After
680,Sri Lanka,2021-12-02,738,565471,After
681,Sri Lanka,2021-12-03,725,566196,After
682,Sri Lanka,2021-12-04,740,566936,After
683,Sri Lanka,2021-12-05,746,567682,After
684,Sri Lanka,2021-12-06,741,568423,After
685,Sri Lanka,2021-12-07,748,569171,After
686,Sri Lanka,2021-12-08,757,569928,After
687,Sri Lanka,2021-12-09,744,570672,After
688,Sri Lanka,2021-12-10,754,571426,After
689,Sri Lanka,2021-12-11,762,572188,After
690,Sri Lanka,2021-12-12,714,572902,After
691,Sri Lanka,2021-12-13,747,573649,After
692,Sri Lanka,2021-12-14,2545,576194,After
693,Sri Lanka,2021-12-15,772,576966,After
694,Sri Lanka,2021-12-16,758,577724,After
695,Sri Lanka,2021-12-17,715,578439,After
696,Sri Lanka,2021-12-18,695,579134,After
697,Sri Lanka,2021-12-19,551,579685,After
698,Sri Lanka,2021-12-20,524,580209,After
699,Sri Lanka,2021-12-21,713,580922,After
700,Sri Lanka,2021-12-22,673,581595,After
701,Sri Lanka,2021-12-23,554,582149,After
702,Sri Lanka,2021-12-24,573,582722,After
703,Sri Lanka,2021-12-25,529,583251,After
704,Sri Lanka,2021-12-26,398,583649,After
705,Sri Lanka,2021-12-27,458,584107,After
706,Sri Lanka,2021-12-28,479,584586,After
707,Sri Lanka,2021-12-29,1597,586183,After
708,Sri Lanka,2021-12-30,563,586746,After
709,Sri Lanka,2021-12-31,499,587245,After
710,Sri Lanka,2022-01-01,351,587596,After
711,Sri Lanka,2022-01-02,339,587935,After
712,Sri Lanka,2022-01-03,365,588300,After
713,Sri Lanka,2022-01-04,629,588929,After
714,Sri Lanka,2022-01-05,550,589479,After
715,Sri Lanka,2022-01-06,584,590063,After
716,Sri Lanka,2022-01-07,588,590651,After
717,Sri Lanka,2022-01-08,580,591231,After
718,Sri Lanka,2022-01-09,436,591667,After
719,Sri Lanka,2022-01-10,461,592128,After
720,Sri Lanka,2022-01-11,944,593072,After
721,Sri Lanka,2022-01-12,653,593725,After
722,Sri Lanka,2022-01-13,594,594319,After
723,Sri Lanka,2022-01-14,677,594996,After
724,Sri Lanka,2022-01-15,661,595657,After
725,Sri Lanka,2022-01-16,690,596347,After
726,Sri Lanka,2022-01-17,688,597035,After
727,Sri Lanka,2022-01-18,672,597707,After
728,Sri Lanka,2022-01-19,829,598536,After
729,Sri Lanka,2022-01-20,827,599363,After
730,Sri Lanka,2022-01-21,840,600203,After
731,Sri Lanka,2022-01-22,845,601048,After
732,Sri Lanka,2022-01-23,838,601886,After
733,Sri Lanka,2022-01-24,877,602763,After
734,Sri Lanka,2022-01-25,891,603654,After
735,Sri Lanka,2022-01-26,927,604581,After
736,Sri Lanka,2022-01-27,2523,607104,After
737,Sri Lanka,2022-01-28,961,608065,After
738,Sri Lanka,2022-01-29,982,609047,After
739,Sri Lanka,2022-01-30,1056,610103,After
740,Sri Lanka,2022-01-31,1082,611185,After
741,Sri Lanka,2022-02-01,1137,612322,After
742,Sri Lanka,2022-02-02,1156,613478,After
743,Sri Lanka,2022-02-03,1181,614659,After
744,Sri Lanka,2022-02-04,1243,615902,After
745,Sri Lanka,2022-02-05,1287,617189,After
746,Sri Lanka,2022-02-06,1331,618520,After
747,Sri Lanka,2022-02-07,2212,620732,After
748,Sri Lanka,2022-02-08,1253,621985,After
749,Sri Lanka,2022-02-09,1263,623248,After
750,Sri Lanka,2022-02-10,1297,624545,After
751,Sri Lanka,2022-02-11,1259,625804,After
752,Sri Lanka,2022-02-12,1162,626966,After
753,Sri Lanka,2022-02-13,1150,628116,After
754,Sri Lanka,2022-02-14,1231,629347,After
755,Sri Lanka,2022-02-15,1252,630599,After
756,Sri Lanka,2022-02-16,1217,631816,After
757,Sri Lanka,2022-02-17,1235,633051,After
758,Sri Lanka,2022-02-18,1282,634333,After
759,Sri Lanka,2022-02-19,1273,635606,After
760,Sri Lanka,2022-02-20,1231,636837,After
761,Sri Lanka,2022-02-21,1206,638043,After
762,Sri Lanka,2022-02-22,1254,639297,After
763,Sri Lanka,2022-02-23,1281,640578,After
764,Sri Lanka,2022-02-24,1208,641786,After
765,Sri Lanka,2022-02-25,1286,643072,After
766,Sri Lanka,2022-02-26,988,644060,After
767,Sri Lanka,2022-02-27,977,645037,After
768,Sri Lanka,2022-02-28,997,646034,After
769,Sri Lanka,2022-03-01,914,646948,After
770,Sri Lanka,2022-03-02,751,647699,After
771,Sri Lanka,2022-03-03,711,648410,After
772,Sri Lanka,2022-03-04,583,648993,After
773,Sri Lanka,2022-03-05,639,649632,After
774,Sri Lanka,2022-03-06,508,650140,After
775,Sri Lanka,2022-03-07,662,650802,After
776,Sri Lanka,2022-03-08,2227,653029,After
777,Sri Lanka,2022-03-09,1307,654336,After
778,Sri Lanka,2022-03-10,580,654916,After
779,Sri Lanka,2022-03-11,467,655383,After
780,Sri Lanka,2022-03-12,347,655730,After
781,Sri Lanka,2022-03-13,311,656041,After
782,Sri Lanka,2022-03-14,345,656386,After
783,Sri Lanka,2022-03-15,428,656814,After
784,Sri Lanka,2022-03-16,320,657134,After
785,Sri Lanka,2022-03-17,301,657435,After
786,Sri Lanka,2022-03-18,288,657723,After
787,Sri Lanka,2022-03-19,238,657961,After
788,Sri Lanka,2022-03-20,236,658197,After
789,Sri Lanka,2022-03-21,296,658493,After
790,Sri Lanka,2022-03-22,1366,659859,After
791,Sri Lanka,2022-03-23,292,660151,After
792,Sri Lanka,2022-03-24,248,660399,After
793,Sri Lanka,2022-03-25,234,660633,After
794,Sri Lanka,2022-03-26,164,660797,After
795,Sri Lanka,2022-03-27,93,660890,After
796,Sri Lanka,2022-03-28,163,661053,After
797,Sri Lanka,2022-03-29,232,661285,After
798,Sri Lanka,2022-03-30,168,661453,After
799,Sri Lanka,2022-03-31,178,661631,After
800,Sri Lanka,2022-04-01,150,661781,After
801,Sri Lanka,2022-04-02,104,661885,After
802,Sri Lanka,2022-04-03,106,661991,After
803,Sri Lanka,2022-04-04,112,662103,After
804,Sri Lanka,2022-04-05,113,662216,After
805,Sri Lanka,2022-04-06,126,662342,After
806,Sri Lanka,2022-04-07,83,662425,After
807,Sri Lanka,2022-04-08,80,662505,After
808,Sri Lanka,2022-04-09,54,662559,After
809,Sri Lanka,2022-04-10,33,662592,After
810,Sri Lanka,2022-04-11,65,662657,After
811,Sri Lanka,2022-04-12,60,662717,After
812,Sri Lanka,2022-04-13,31,662748,After
813,Sri Lanka,2022-04-14,27,662775,After
814,Sri Lanka,2022-04-15,19,662794,After
815,Sri Lanka,2022-04-16,33,662827,After
816,Sri Lanka,2022-04-17,0,662827,After
817,Sri Lanka,2022-04-18,85,662912,After
818,Sri Lanka,2022-04-19,33,662945,After
819,Sri Lanka,2022-04-20,61,663006,After
820,Sri Lanka,2022-04-21,35,663041,After
821,Sri Lanka,2022-04-22,50,663091,After
822,Sri Lanka,2022-04-23,40,663131,After
823,Sri Lanka,2022-04-24,0,663131,After
824,Sri Lanka,2022-04-25,64,663195,After
825,Sri Lanka,2022-04-26,44,663239,After
826,Sri Lanka,2022-04-27,0,663239,After
827,Sri Lanka,2022-04-28,62,663301,After
828,Sri Lanka,2022-04-29,28,663329,After
829,Sri Lanka,2022-04-30,33,663362,After
830,Sri Lanka,2022-05-01,11,663373,After
831,Sri Lanka,2022-05-02,35,663408,After
832,Sri Lanka,2022-05-03,18,663426,After
833,Sri Lanka,2022-05-04,43,663469,After
834,Sri Lanka,2022-05-05,34,663503,After
835,Sri Lanka,2022-05-06,17,663520,After
836,Sri Lanka,2022-05-07,13,663533,After
837,Sri Lanka,2022-05-08,28,663561,After
838,Sri Lanka,2022-05-09,0,663561,After
839,Sri Lanka,2022-05-10,36,663597,After
840,Sri Lanka,2022-05-11,17,663614,After
841,Sri Lanka,2022-05-12,18,663632,After
842,Sri Lanka,2022-05-13,23,663655,After
843,Sri Lanka,2022-05-14,8,663663,After
844,Sri Lanka,2022-05-15,8,663671,After
845,Sri Lanka,2022-05-16,7,663678,After
846,Sri Lanka,2022-05-17,11,663689,After
847,Sri Lanka,2022-05-18,31,663720,After
848,Sri Lanka,2022-05-19,15,663735,After
849,Sri Lanka,2022-05-20,6,663741,After
850,Sri Lanka,2022-05-21,8,663749,After
851,Sri Lanka,2022-05-22,9,663758,After
852,Sri Lanka,2022-05-23,7,663765,After
853,Sri Lanka,2022-05-24,14,663779,After
854,Sri Lanka,2022-05-25,7,663786,After
855,Sri Lanka,2022-05-26,14,663800,After
856,Sri Lanka,2022-05-27,4,663804,After
857,Sri Lanka,2022-05-28,8,663812,After
858,Sri Lanka,2022-05-29,4,663816,After
859,Sri Lanka,2022-05-30,7,663823,After
860,Sri Lanka,2022-05-31,11,663834,After
861,Sri Lanka,2022-06-01,4,663838,After
862,Sri Lanka,2022-06-02,7,663845,After
863,Sri Lanka,2022-06-03,8,663853,After
864,Sri Lanka,2022-06-04,9,663862,After
865,Sri Lanka,2022-06-05,7,663869,After
866,Sri Lanka,2022-06-06,15,663884,After
867,Sri Lanka,2022-06-07,11,663895,After
868,Sri Lanka,2022-06-08,6,663901,After
869,Sri Lanka,2022-06-09,16,663917,After
870,Sri Lanka,2022-06-10,5,663922,After
871,Sri Lanka,2022-06-11,15,663937,After
872,Sri Lanka,2022-06-12,13,663950,After
873,Sri Lanka,2022-06-13,10,663960,After
874,Sri Lanka,2022-06-14,5,663965,After
875,Sri Lanka,2022-06-15,0,663965,After
876,Sri Lanka,2022-06-16,10,663975,After
877,Sri Lanka,2022-06-17,9,663984,After
878,Sri Lanka,2022-06-18,0,663984,After
879,Sri Lanka,2022-06-19,5,663989,After
880,Sri Lanka,2022-06-20,21,664010,After
881,Sri Lanka,2022-06-21,8,664018,After
882,Sri Lanka,2022-06-22,18,664036,After
883,Sri Lanka,2022-06-23,11,664047,After
884,Sri Lanka,2022-06-24,5,664052,After
885,Sri Lanka,2022-06-25,13,664065,After
886,Sri Lanka,2022-06-26,15,664080,After
887,Sri Lanka,2022-06-27,10,664090,After
888,Sri Lanka,2022-06-28,8,664098,After
889,Sri Lanka,2022-06-29,12,664110,After
890,Sri Lanka,2022-06-30,13,664123,After
891,Sri Lanka,2022-07-01,15,664138,After
892,Sri Lanka,2022-07-02,12,664150,After
893,Sri Lanka,2022-07-03,17,664167,After
894,Sri Lanka,2022-07-04,14,664181,After
895,Sri Lanka,2022-07-05,13,664194,After
896,Sri Lanka,2022-07-06,3,664197,After
897,Sri Lanka,2022-07-07,20,664217,After
898,Sri Lanka,2022-07-08,18,664235,After
899,Sri Lanka,2022-07-09,21,664256,After
900,Sri Lanka,2022-07-10,17,664273,After
901,Sri Lanka,2022-07-11,19,664292,After
902,Sri Lanka,2022-07-12,23,664315,After
903,Sri Lanka,2022-07-13,30,664345,After
904,Sri Lanka,2022-07-14,19,664364,After
905,Sri Lanka,2022-07-15,25,664389,After
906,Sri Lanka,2022-07-16,25,664414,After
907,Sri Lanka,2022-07-17,34,664448,After
908,Sri Lanka,2022-07-18,62,664510,After
909,Sri Lanka,2022-07-19,62,664572,After
910,Sri Lanka,2022-07-20,75,664647,After
911,Sri Lanka,2022-07-21,57,664704,After
912,Sri Lanka,2022-07-22,68,664772,After
913,Sri Lanka,2022-07-23,72,664844,After
914,Sri Lanka,2022-07-24,56,664900,After
915,Sri Lanka,2022-07-25,75,664975,After
916,Sri Lanka,2022-07-26,119,665094,After
917,Sri Lanka,2022-07-27,0,665094,After
918,Sri Lanka,2022-07-28,285,665379,After
919,Sri Lanka,2022-07-29,164,665543,After
920,Sri Lanka,2022-07-30,83,665626,After
921,Sri Lanka,2022-07-31,113,665739,After
922,Sri Lanka,2022-08-01,108,665847,After
923,Sri Lanka,2022-08-02,117,665964,After
924,Sri Lanka,2022-08-03,122,666086,After
925,Sri Lanka,2022-08-04,146,666232,After
926,Sri Lanka,2022-08-05,181,666413,After
927,Sri Lanka,2022-08-06,167,666580,After
928,Sri Lanka,2022-08-07,184,666764,After
929,Sri Lanka,2022-08-08,180,666944,After
930,Sri Lanka,2022-08-09,214,667158,After
931,Sri Lanka,2022-08-10,227,667385,After
932,Sri Lanka,2022-08-11,188,667573,After
933,Sri Lanka,2022-08-12,162,667735,After
934,Sri Lanka,2022-08-13,181,667916,After
935,Sri Lanka,2022-08-14,96,668012,After
936,Sri Lanka,2022-08-15,129,668141,After
937,Sri Lanka,2022-08-16,195,668336,After
938,Sri Lanka,2022-08-17,161,668497,After
939,Sri Lanka,2022-08-18,166,668663,After
940,Sri Lanka,2022-08-19,164,668827,After
941,Sri Lanka,2022-08-20,0,668827,After
942,Sri Lanka,2022-08-21,206,669033,After
943,Sri Lanka,2022-08-22,103,669136,After
944,Sri Lanka,2022-08-23,226,669362,After
945,Sri Lanka,2022-08-24,105,669467,After
946,Sri Lanka,2022-08-25,114,669581,After
947,Sri Lanka,2022-08-26,58,669639,After
948,Sri Lanka,2022-08-27,54,669693,After
949,Sri Lanka,2022-08-28,56,669749,After
950,Sri Lanka,2022-08-29,70,669819,After
951,Sri Lanka,2022-08-30,74,669893,After
952,Sri Lanka,2022-08-31,64,669957,After
953,Sri Lanka,2022-09-01,61,670018,After
954,Sri Lanka,2022-09-02,59,670077,After
955,Sri Lanka,2022-09-03,50,670127,After
956,Sri Lanka,2022-09-04,49,670176,After
957,Sri Lanka,2022-09-05,42,670218,After
958,Sri Lanka,2022-09-06,33,670251,After
959,Sri Lanka,2022-09-07,46,670297,After
960,Sri Lanka,2022-09-08,44,670341,After
961,Sri Lanka,2022-09-09,35,670376,After
962,Sri Lanka,2022-09-10,32,670408,After
963,Sri Lanka,2022-09-11,36,670444,After
964,Sri Lanka,2022-09-12,27,670471,After
965,Sri Lanka,2022-09-13,30,670501,After
966,Sri Lanka,2022-09-14,18,670519,After
967,Sri Lanka,2022-09-15,0,670519,After
968,Sri Lanka,2022-09-16,51,670570,After
969,Sri Lanka,2022-09-17,13,670583,After
970,Sri Lanka,2022-09-18,13,670596,After
971,Sri Lanka,2022-09-19,21,670617,After
972,Sri Lanka,2022-09-20,24,670641,After
973,Sri Lanka,2022-09-21,14,670655,After
974,Sri Lanka,2022-09-22,13,670668,After
975,Sri Lanka,2022-09-23,17,670685,After
976,Sri Lanka,2022-09-24,9,670694,After
977,Sri Lanka,2022-09-25,0,670694,After
978,Sri Lanka,2022-09-26,24,670718,After
979,Sri Lanka,2022-09-27,14,670732,After
980,Sri Lanka,2022-09-28,17,670749,After
981,Sri Lanka,2022-09-29,14,670763,After
982,Sri Lanka,2022-09-30,10,670773,After
983,Sri Lanka,2022-10-01,7,670780,After
984,Sri Lanka,2022-10-02,10,670790,After
985,Sri Lanka,2022-10-03,15,670805,After
986,Sri Lanka,2022-10-04,8,670813,After
987,Sri Lanka,2022-10-05,7,670820,After
988,Sri Lanka,2022-10-06,18,670838,After
989,Sri Lanka,2022-10-07,6,670844,After
990,Sri Lanka,2022-10-08,13,670857,After
991,Sri Lanka,2022-10-09,12,670869,After
992,Sri Lanka,2022-10-10,4,670873,After
993,Sri Lanka,2022-10-11,11,670884,After
994,Sri Lanka,2022-10-12,12,670896,After
995,Sri Lanka,2022-10-13,3,670899,After
996,Sri Lanka,2022-10-14,0,670899,After
997,Sri Lanka,2022-10-15,19,670918,After
998,Sri Lanka,2022-10-16,3,670921,After
999,Sri Lanka,2022-10-17,8,670929,After
1000,Sri Lanka,2022-10-18,13,670942,After
1001,Sri Lanka,2022-10-19,10,670952,After
1002,Sri Lanka,2022-10-20,14,670966,After
1003,Sri Lanka,2022-10-21,11,670977,After
1004,Sri Lanka,2022-10-22,12,670989,After
1005,Sri Lanka,2022-10-23,5,670994,After
1006,Sri Lanka,2022-10-24,9,671003,After
1007,Sri Lanka,2022-10-25,12,671015,After
1008,Sri Lanka,2022-10-26,15,671030,After
1009,Sri Lanka,2022-10-27,7,671037,After
1010,Sri Lanka,2022-10-28,14,671051,After
1011,Sri Lanka,2022-10-29,0,671051,After
1012,Sri Lanka,2022-10-30,19,671070,After
1013,Sri Lanka,2022-10-31,17,671087,After
1014,Sri Lanka,2022-11-01,23,671110,After
1015,Sri Lanka,2022-11-02,15,671125,After
1016,Sri Lanka,2022-11-03,177,671302,After
1017,Sri Lanka,2022-11-04,8,671310,After
1018,Sri Lanka,2022-11-05,10,671320,After
1019,Sri Lanka,2022-11-06,8,671328,After
1020,Sri Lanka,2022-11-07,6,671334,After
1021,Sri Lanka,2022-11-08,16,671350,After
1022,Sri Lanka,2022-11-09,4,671354,After
1023,Sri Lanka,2022-11-10,15,671369,After
1024,Sri Lanka,2022-11-11,15,671384,After
1025,Sri Lanka,2022-11-12,22,671406,After
1026,Sri Lanka,2022-11-13,11,671417,After
1027,Sri Lanka,2022-11-14,14,671431,After
1028,Sri Lanka,2022-11-15,24,671455,After
1029,Sri Lanka,2022-11-16,10,671465,After
1030,Sri Lanka,2022-11-17,16,671481,After
1031,Sri Lanka,2022-11-18,16,671497,After
1032,Sri Lanka,2022-11-19,0,671497,After
1033,Sri Lanka,2022-11-20,25,671522,After
1034,Sri Lanka,2022-11-21,24,671546,After
1035,Sri Lanka,2022-11-22,17,671563,After
1036,Sri Lanka,2022-11-23,23,671586,After
1037,Sri Lanka,2022-11-24,24,671610,After
1038,Sri Lanka,2022-11-25,16,671626,After
1039,Sri Lanka,2022-11-26,12,671638,After
1040,Sri Lanka,2022-11-27,4,671642,After
1041,Sri Lanka,2022-11-28,9,671651,After
1042,Sri Lanka,2022-11-29,20,671671,After
1043,Sri Lanka,2022-11-30,11,671682,After
1044,Sri Lanka,2022-12-01,5,671687,After
1045,Sri Lanka,2022-12-02,8,671695,After
1046,Sri Lanka,2022-12-03,8,671703,After
1047,Sri Lanka,2022-12-04,8,671711,After
1048,Sri Lanka,2022-12-05,3,671714,After
1049,Sri Lanka,2022-12-06,5,671719,After
1050,Sri Lanka,2022-12-07,3,671722,After
1051,Sri Lanka,2022-12-08,20,671742,After
1052,Sri Lanka,2022-12-09,3,671745,After
1053,Sri Lanka,2022-12-10,7,671752,After
1054,Sri Lanka,2022-12-11,4,671756,After
1055,Sri Lanka,2022-12-12,5,671761,After
1056,Sri Lanka,2022-12-13,9,671770,After
1057,Sri Lanka,2022-12-14,6,671776,After
1058,Sri Lanka,2022-12-15,17,671793,After
1059,Sri Lanka,2022-12-16,4,671797,After
1060,Sri Lanka,2022-12-17,11,671808,After
1061,Sri Lanka,2022-12-18,5,671813,After
1062,Sri Lanka,2022-12-19,4,671817,After
1063,Sri Lanka,2022-12-20,4,671821,After
1064,Sri Lanka,2022-12-21,10,671831,After
1065,Sri Lanka,2022-12-22,7,671838,After
1066,Sri Lanka,2022-12-23,5,671843,After
1067,Sri Lanka,2022-12-24,8,671851,After
1068,Sri Lanka,2022-12-25,4,671855,After
1069,Sri Lanka,2022-12-26,4,671859,After
1070,Sri Lanka,2022-12-27,0,671859,After
1071,Sri Lanka,2022-12-28,16,671875,After
1072,Sri Lanka,2022-12-29,4,671879,After
1073,Sri Lanka,2022-12-30,5,671884,After
1074,Sri Lanka,2022-12-31,7,671891,After
1075,Sri Lanka,2023-01-01,2,671893,After
1076,Sri Lanka,2023-01-02,5,671898,After
1077,Sri Lanka,2023-01-03,5,671903,After
1078,Sri Lanka,2023-01-04,0,671903,After
1079,Sri Lanka,2023-01-05,13,671916,After
1080,Sri Lanka,2023-01-06,7,671923,After
1081,Sri Lanka,2023-01-07,4,671927,After
1082,Sri Lanka,2023-01-08,2,671929,After
1083,Sri Lanka,2023-01-09,8,671937,After
1084,Sri Lanka,2023-01-10,5,671942,After
1085,Sri Lanka,2023-01-11,6,671948,After
1086,Sri Lanka,2023-01-12,6,671954,After
1087,Sri Lanka,2023-01-13,5,671959,After
1088,Sri Lanka,2023-01-14,4,671963,After
1089,Sri Lanka,2023-01-15,1,671964,After
1090,Sri Lanka,2023-01-16,2,671966,After
1091,Sri Lanka,2023-01-17,2,671968,After
1092,Sri Lanka,2023-01-18,2,671970,After
1093,Sri Lanka,2023-01-19,0,671970,After
1094,Sri Lanka,2023-01-20,6,671976,After
1095,Sri Lanka,2023-01-21,0,671976,After
1096,Sri Lanka,2023-01-22,0,671976,After
1097,Sri Lanka,2023-01-23,5,671981,After
1098,Sri Lanka,2023-01-24,3,671984,After
1099,Sri Lanka,2023-01-25,0,671984,After
1100,Sri Lanka,2023-01-26,2,671986,After
1101,Sri Lanka,2023-01-27,0,671986,After
1102,Sri Lanka,2023-01-28,1,671987,After
1103,Sri Lanka,2023-01-29,0,671987,After
1104,Sri Lanka,2023-01-30,1,671988,After
1105,Sri Lanka,2023-01-31,1,671989,After
1106,Sri Lanka,2023-02-01,2,671991,After
1107,Sri Lanka,2023-02-02,3,671994,After
1108,Sri Lanka,2023-02-03,1,671995,After
1109,Sri Lanka,2023-02-04,5,672000,After
1110,Sri Lanka,2023-02-05,0,672000,After
1111,Sri Lanka,2023-02-06,2,672002,After
1112,Sri Lanka,2023-02-07,1,672003,After
1113,Sri Lanka,2023-02-08,1,672004,After
1114,Sri Lanka,2023-02-09,1,672005,After
1115,Sri Lanka,2023-02-10,0,672005,After
1116,Sri Lanka,2023-02-11,2,672007,After
1117,Sri Lanka,2023-02-12,2,672009,After
1118,Sri Lanka,2023-02-13,3,672012,After
1119,Sri Lanka,2023-02-14,3,672015,After
1120,Sri Lanka,2023-02-15,1,672016,After
1121,Sri Lanka,2023-02-16,1,672017,After
1122,Sri Lanka,2023-02-17,1,672018,After
1123,Sri Lanka,2023-02-18,0,672018,After
1124,Sri Lanka,2023-02-19,3,672021,After
1125,Sri Lanka,2023-02-20,1,672022,After
1126,Sri Lanka,2023-02-21,1,672023,After
1127,Sri Lanka,2023-02-22,1,672024,After
1128,Sri Lanka,2023-02-23,1,672025,After
1129,Sri Lanka,2023-02-24,1,672026,After
1130,Sri Lanka,2023-02-25,0,672026,After
1131,Sri Lanka,2023-02-26,1,672027,After
1132,Sri Lanka,2023-02-27,2,672029,After
1133,Sri Lanka,2023-02-28,1,672030,After
1134,Sri Lanka,2023-03-01,1,672031,After
1135,Sri Lanka,2023-03-02,0,672031,After
1136,Sri Lanka,2023-03-03,1,672032,After
1137,Sri Lanka,2023-03-04,0,672032,After
1138,Sri Lanka,2023-03-05,2,672034,After
1139,Sri Lanka,2023-03-06,0,672034,After
1140,Sri Lanka,2023-03-07,2,672036,After
1141,Sri Lanka,2023-03-08,1,672037,After
1142,Sri Lanka,2023-03-09,2,672039,After
